{
  "scalar_grid": 0.07284492250645108,
  "vector_grid": 0.09391631529902283,
  "irregular_graph": -0.010688973956166158,
  "tree_hierarchy": 0.2101770696584657
}