{
  "binary_d7_4chains": {
    "mean_compression": [
      0.0,
      0.0,
      0.5276329335152865,
      0.5454433910316264,
      0.6392025186142833,
      0.6622489166606813,
      0.6947682491800139,
      0.6531255237137591,
      0.6547280878163231,
      0.6455116234527999,
      0.6844121836768895,
      0.6695973688620747,
      0.7060900428547486,
      0.6318022935669995,
      0.6484333476980536,
      0.6441766022648375,
      0.6802215758098111,
      0.686555519643755,
      0.6940173932820993,
      0.6766624171035935,
      0.6860808853455913,
      0.6918857286504346,
      0.6779968397615456,
      0.670180935622112,
      0.649701632789868,
      0.6651930857813211,
      0.6814745983863632,
      0.6776000143647202,
      0.6563037180684239,
      0.6483672101319159,
      0.6708575737987502,
      0.67567035361153,
      0.6787396155043214,
      0.6706011036893389,
      0.646710179798415,
      0.6759974502621561,
      0.691951866216572,
      0.7095749838396896,
      0.683143898585075,
      0.6602450381862146
    ],
    "std_compression": [
      0.0,
      0.0,
      0.24029118966753435,
      0.2194177917866918,
      0.15290635487218665,
      0.12893358700138283,
      0.13821725859254014,
      0.1344251108832307,
      0.13250686820826943,
      0.13716512734317385,
      0.1220796925646913,
      0.11280601843012152,
      0.129403598318196,
      0.12284874124461109,
      0.1276985263799968,
      0.13811022836440884,
      0.1376748528622394,
      0.10682379259111084,
      0.10969672710102911,
      0.10675188455076981,
      0.11553936415590353,
      0.11002017472394146,
      0.12595388809434438,
      0.12886809762610163,
      0.1318291746080587,
      0.12463187747874081,
      0.12189341977484681,
      0.09261795528506825,
      0.0949453302984038,
      0.11697254377416955,
      0.12226487927209059,
      0.1242724997989698,
      0.1007048416237779,
      0.11034999092228982,
      0.12812144818597168,
      0.11133938253392636,
      0.11871883610625791,
      0.12290780169788318,
      0.11089144049223423,
      0.09835349934006431
    ],
    "mean_overhead": [
      0.044321287785786055,
      0.044321287785786055,
      -0.07280762724413294,
      -0.07910413142501169,
      -0.09246162902058903,
      -0.09801428339453477,
      -0.10325054475518268,
      -0.09360431224991894,
      -0.09201902372740783,
      -0.09019554200681204,
      -0.09576860461070384,
      -0.08865175588511627,
      -0.09979432643993716,
      -0.07373976060958497,
      -0.0738095531860477,
      -0.05843934937380668,
      -0.07313549595557742,
      -0.08137518407308043,
      -0.09065083423211215,
      -0.09478110977782794,
      -0.08855439817341193,
      -0.09223612275462326,
      -0.08848460559694918,
      -0.09102959262015389,
      -0.07253346167205627,
      -0.07679612636591944,
      -0.07861960808651522,
      -0.0957981451198061,
      -0.07781293051095692,
      -0.07781293051095692,
      -0.08315499592154214,
      -0.09607109945791051,
      -0.09001998447989457,
      -0.08486741386180055,
      -0.08189473884801993,
      -0.09255251576792106,
      -0.0959876399122973,
      -0.09610613089435355,
      -0.09772618055688437,
      -0.09136707980432097
    ],
    "mean_n_segments": [
      0.0,
      0.0,
      2.5555555555555554,
      2.888888888888889,
      3.4444444444444446,
      3.5555555555555554,
      3.6666666666666665,
      4.0,
      4.0,
      4.111111111111111,
      3.888888888888889,
      4.0,
      4.0,
      4.222222222222222,
      4.444444444444445,
      4.777777777777778,
      4.666666666666667,
      4.444444444444445,
      4.222222222222222,
      4.111111111111111,
      4.222222222222222,
      4.222222222222222,
      4.111111111111111,
      4.111111111111111,
      4.222222222222222,
      4.222222222222222,
      4.222222222222222,
      4.0,
      4.444444444444445,
      4.333333333333333,
      4.444444444444445,
      4.111111111111111,
      4.222222222222222,
      4.222222222222222,
      4.111111111111111,
      4.111111111111111,
      4.111111111111111,
      4.222222222222222,
      4.222222222222222,
      4.222222222222222
    ]
  },
  "binary_d8_6chains": {
    "mean_compression": [
      0.0,
      0.0,
      0.4870694522868436,
      0.5190876152832675,
      0.5416878411443629,
      0.5472426124600038,
      0.5791501976284585,
      0.596487389422172,
      0.6233836815358554,
      0.5921254470167514,
      0.5892198381328816,
      0.5793172407302842,
      0.5970826275174101,
      0.5620341614906833,
      0.5472073216638433,
      0.537883493318276,
      0.5468473555430077,
      0.5801453980801806,
      0.5931512328251458,
      0.570602766798419,
      0.5743365330321852,
      0.5745882740447958,
      0.5981272350837569,
      0.5951863354037266,
      0.5951863354037266,
      0.6036843591191418,
      0.5858625070581591,
      0.5846367400715227,
      0.584653209109731,
      0.584274421230943,
      0.5896668548842462,
      0.5842932429888952,
      0.5662361189535102,
      0.5522021456804065,
      0.5656597026162243,
      0.5832839262187088,
      0.5745718050065876,
      0.5926101072840203,
      0.5789549218897045,
      0.6019339356295877
    ],
    "std_compression": [
      0.0,
      0.0,
      0.16286413164110777,
      0.1942759179966078,
      0.1722266499421382,
      0.15987526722241724,
      0.16288442091902808,
      0.16950664888436687,
      0.16638253850418647,
      0.14015322016192142,
      0.12421834832240139,
      0.1257011284721512,
      0.13286016133825337,
      0.12835216884755454,
      0.1367577891436013,
      0.14486706207841568,
      0.11796397049599322,
      0.11529592979566086,
      0.13110582062553247,
      0.11972773184614449,
      0.11452080954982784,
      0.09242289683530953,
      0.11316180571018337,
      0.11721098116744978,
      0.11721098116744978,
      0.12051327229819198,
      0.1293047824652213,
      0.125445809586765,
      0.1352244630405992,
      0.12898852973316274,
      0.11684894289515661,
      0.09148991886011888,
      0.12107699651661616,
      0.12215670950054046,
      0.13486790910885654,
      0.13238699538251505,
      0.1301159436440542,
      0.1260426156611501,
      0.1150650273597145,
      0.11958115862055103
    ],
    "mean_overhead": [
      0.020911604776106853,
      0.020911604776106853,
      -0.031654861484615895,
      -0.03416312726754624,
      -0.035588501713607265,
      -0.033080171780246734,
      -0.03617918283721488,
      -0.038453042948220786,
      -0.04287719340407374,
      -0.03498258486282886,
      -0.03290664486657525,
      -0.03246046258697688,
      -0.037656599319769814,
      -0.03286093768506289,
      -0.03198380885303694,
      -0.029315808498926572,
      -0.029981224873708783,
      -0.03353557568418532,
      -0.03662712925364355,
      -0.03167003306135648,
      -0.03355544627993753,
      -0.0335264182102753,
      -0.036421366748800185,
      -0.03424342756854005,
      -0.03424342756854005,
      -0.036547759133887525,
      -0.033652746444932435,
      -0.034178298844286824,
      -0.03360710341385027,
      -0.03301465815341235,
      -0.03259110493806448,
      -0.03288363089974359,
      -0.030023660383281303,
      -0.02820983904479541,
      -0.030367907629303338,
      -0.03419961282471838,
      -0.033403169196267415,
      -0.037885055039293875,
      -0.03578648597878975,
      -0.039858610948959795
    ],
    "mean_n_segments": [
      0.0,
      0.0,
      4.0,
      4.3,
      4.6,
      5.0,
      5.3,
      5.4,
      5.4,
      5.8,
      5.9,
      5.8,
      5.5,
      5.3,
      5.2,
      5.4,
      5.5,
      5.6,
      5.5,
      5.7,
      5.6,
      5.6,
      5.6,
      5.7,
      5.7,
      5.6,
      5.6,
      5.6,
      5.7,
      5.8,
      5.9,
      5.8,
      5.8,
      5.8,
      5.8,
      5.7,
      5.6,
      5.4,
      5.4,
      5.3
    ]
  }
}