{
  "space": "quadtree_d5_partial",
  "seed": 0,
  "chain_stats": {
    "total_nodes": 8,
    "degree2_nodes": 3,
    "num_chains": 1,
    "chain_lengths": [
      3
    ],
    "max_chain": 3,
    "mean_chain": 3.0,
    "fraction_degree2": 0.375
  },
  "compression_ratios": [
    0.0,
    0.0,
    0.6666666666666666,
    0.6666666666666666,
    0.3333333333333333,
    0.3333333333333333,
    0.3333333333333333,
    0.3333333333333333,
    0.0,
    0.0,
    0.0,
    0.0,
    0.6666666666666666,
    0.3333333333333333,
    0.0,
    0.0,
    0.0,
    0.6666666666666666,
    0.6666666666666666,
    0.3333333333333333,
    0.3333333333333333,
    0.3333333333333333,
    0.3333333333333333,
    0.6666666666666666,
    0.6666666666666666,
    0.6666666666666666,
    0.3333333333333333,
    0.0,
    0.0,
    0.0,
    0.0,
    0.0,
    0.0,
    0.0,
    0.0,
    0.0,
    0.6666666666666666,
    0.6666666666666666,
    0.3333333333333333,
    0.3333333333333333
  ],
  "overhead_estimates": [
    0.0,
    0.0,
    0.8333333333333334,
    0.8333333333333334,
    0.8333333333333334,
    0.8333333333333334,
    0.8333333333333334,
    0.8333333333333334,
    0.0,
    0.0,
    0.0,
    0.0,
    0.8333333333333334,
    0.8333333333333334,
    0.0,
    0.0,
    0.0,
    0.8333333333333334,
    0.8333333333333334,
    0.8333333333333334,
    0.8333333333333334,
    0.8333333333333334,
    0.8333333333333334,
    0.8333333333333334,
    0.8333333333333334,
    0.8333333333333334,
    0.8333333333333334,
    0.0,
    0.0,
    0.0,
    0.0,
    0.0,
    0.0,
    0.0,
    0.0,
    0.0,
    0.8333333333333334,
    0.8333333333333334,
    0.8333333333333334,
    0.8333333333333334
  ],
  "merge_count": 5,
  "split_count": 8,
  "final_compression": 0.3333333333333333,
  "final_overhead": 0.8333333333333334,
  "n_segments_over_time": [
    0,
    0,
    1,
    1,
    1,
    1,
    1,
    1,
    0,
    0,
    0,
    0,
    1,
    1,
    0,
    0,
    0,
    1,
    1,
    1,
    1,
    1,
    1,
    1,
    1,
    1,
    1,
    0,
    0,
    0,
    0,
    0,
    0,
    0,
    0,
    0,
    1,
    1,
    1,
    1
  ],
  "skipped": false
}