{
  "space": "quadtree_d4_partial",
  "seed": 0,
  "chain_stats": {
    "total_nodes": 67,
    "degree2_nodes": 6,
    "num_chains": 6,
    "chain_lengths": [
      1,
      1,
      1,
      1,
      1,
      1
    ],
    "max_chain": 1,
    "mean_chain": 1.0,
    "fraction_degree2": 0.08955223880597014
  },
  "compression_ratios": [
    0.0,
    0.0,
    0.0,
    0.0,
    0.0,
    0.0,
    0.0,
    0.0,
    0.0,
    0.0,
    0.0,
    0.0,
    0.0,
    0.0,
    0.0,
    0.0,
    0.0,
    0.0,
    0.0,
    0.0,
    0.0,
    0.0,
    0.0,
    0.0,
    0.0,
    0.0,
    0.0,
    0.0,
    0.0,
    0.0,
    0.0,
    0.0,
    0.0,
    0.0,
    0.0,
    0.0,
    0.0,
    0.0,
    0.0,
    0.0
  ],
  "overhead_estimates": [
    0.08955223880597014,
    0.08955223880597014,
    0.08955223880597014,
    0.08955223880597014,
    0.08955223880597014,
    0.08955223880597014,
    0.08955223880597014,
    0.08955223880597014,
    0.08955223880597014,
    0.08955223880597014,
    0.08955223880597014,
    0.08955223880597014,
    0.08955223880597014,
    0.08955223880597014,
    0.08955223880597014,
    0.08955223880597014,
    0.08955223880597014,
    0.08955223880597014,
    0.08955223880597014,
    0.08955223880597014,
    0.08955223880597014,
    0.08955223880597014,
    0.08955223880597014,
    0.08955223880597014,
    0.08955223880597014,
    0.08955223880597014,
    0.08955223880597014,
    0.08955223880597014,
    0.08955223880597014,
    0.08955223880597014,
    0.08955223880597014,
    0.08955223880597014,
    0.08955223880597014,
    0.08955223880597014,
    0.08955223880597014,
    0.08955223880597014,
    0.08955223880597014,
    0.08955223880597014,
    0.08955223880597014,
    0.08955223880597014
  ],
  "merge_count": 0,
  "split_count": 0,
  "final_compression": 0.0,
  "final_overhead": 0.08955223880597014,
  "n_segments_over_time": [
    0,
    0,
    0,
    0,
    0,
    0,
    0,
    0,
    0,
    0,
    0,
    0,
    0,
    0,
    0,
    0,
    0,
    0,
    0,
    0,
    0,
    0,
    0,
    0,
    0,
    0,
    0,
    0,
    0,
    0,
    0,
    0,
    0,
    0,
    0,
    0,
    0,
    0,
    0,
    0
  ],
  "skipped": false
}