{
  "T1": {
    "name": "scalar_grid",
    "params": {
      "0": {
        "normal": {
          "dseam": 0.0,
          "gain": 0.11037066644501296,
          "ss": 0.0,
          "pass": 6
        },
        "soap": {
          "dseam": 0.0,
          "gain": 0.0,
          "ss": 0.0,
          "pass": 0
        },
        "n": 6
      },
      "1": {
        "normal": {
          "dseam": 0.4409145717586584,
          "gain": 0.10105015629275275,
          "ss": 0.44399502194633766,
          "pass": 5
        },
        "soap": {
          "dseam": 0.2455801115144614,
          "gain": 0.0,
          "ss": 0.2455801115144614,
          "pass": 0
        },
        "n": 6
      },
      "2": {
        "normal": {
          "dseam": 0.13332871492098378,
          "gain": 0.09396757990678917,
          "ss": 0.24677546016117025,
          "pass": 5
        },
        "soap": {
          "dseam": 0.20710678075219102,
          "gain": 0.0,
          "ss": 0.20710678075219102,
          "pass": 0
        },
        "n": 6
      },
      "3": {
        "normal": {
          "dseam": 0.14245279431654118,
          "gain": 0.08744337945815835,
          "ss": 0.24756722443294454,
          "pass": 6
        },
        "soap": {
          "dseam": 0.15470053795064498,
          "gain": 0.0,
          "ss": 0.15470053795064498,
          "pass": 0
        },
        "n": 6
      }
    }
  },
  "T2": {
    "name": "vector_grid",
    "params": {
      "0": {
        "normal": {
          "dseam": 0.0,
          "gain": 0.017795764573646043,
          "ss": 0.0,
          "pass": 1
        },
        "soap": {
          "dseam": 0.0,
          "gain": 0.0,
          "ss": 0.0,
          "pass": 0
        },
        "n": 1
      },
      "1": {
        "normal": {
          "dseam": 0.5297015832929205,
          "gain": 0.016271521248910206,
          "ss": 0.5297015832929205,
          "pass": 0
        },
        "soap": {
          "dseam": 0.1674846446758606,
          "gain": 0.0,
          "ss": 0.1674846446758606,
          "pass": 0
        },
        "n": 1
      },
      "2": {
        "normal": {
          "dseam": 0.18617322048451537,
          "gain": 0.013538636668255576,
          "ss": 0.18617322048451537,
          "pass": 1
        },
        "soap": {
          "dseam": 0.20710678082696793,
          "gain": 0.0,
          "ss": 0.20710678082696793,
          "pass": 0
        },
        "n": 1
      },
      "3": {
        "normal": {
          "dseam": 0.1364771350556372,
          "gain": 0.011839750158263565,
          "ss": 0.1364771350556372,
          "pass": 1
        },
        "soap": {
          "dseam": 0.15470053792087188,
          "gain": 2.7589006712371716e-05,
          "ss": 0.15470053792087188,
          "pass": 1
        },
        "n": 1
      }
    }
  },
  "T3": {
    "name": "irregular_graph",
    "params": {
      "0": {
        "normal": {
          "dseam": 0.0,
          "gain": 0.12470611534280314,
          "ss": 0.0,
          "pass": 3
        },
        "soap": {
          "dseam": 0.0,
          "gain": 0.0,
          "ss": 0.0,
          "pass": 0
        },
        "n": 3
      },
      "1": {
        "normal": {
          "dseam": 0.13068565187297912,
          "gain": 0.12447968346156557,
          "ss": 0.13068565187297912,
          "pass": 2
        },
        "soap": {
          "dseam": 0.18965567509829057,
          "gain": 0.0,
          "ss": 0.18965567509829057,
          "pass": 0
        },
        "n": 3
      },
      "2": {
        "normal": {
          "dseam": 0.18606746914392286,
          "gain": 0.12426679297530958,
          "ss": 0.18606746914392286,
          "pass": 3
        },
        "soap": {
          "dseam": 0.18205660582998454,
          "gain": 0.0,
          "ss": 0.18205660582998454,
          "pass": 0
        },
        "n": 3
      }
    }
  },
  "T4": {
    "name": "tree",
    "params": {
      "0": {
        "normal": {
          "dseam": -0.027186465172101243,
          "gain": 0.07526162643156056,
          "ss": 0.12729718768675388,
          "pass": 2
        },
        "soap": {
          "dseam": 0.0,
          "gain": 0.0,
          "ss": 0.15448365285885512,
          "pass": 0
        },
        "n": 2
      },
      "1": {
        "normal": {
          "dseam": 0.2961573499620194,
          "gain": 0.07526162643156056,
          "ss": 0.45064100282087455,
          "pass": 2
        },
        "soap": {
          "dseam": -0.05893002507162334,
          "gain": 0.0015261663998622707,
          "ss": 0.09555362778723178,
          "pass": 1
        },
        "n": 2
      },
      "2": {
        "normal": {
          "dseam": 0.1363401550174444,
          "gain": 0.07526162643156056,
          "ss": 0.34348909216572165,
          "pass": 2
        },
        "soap": {
          "dseam": -0.0027731740979966973,
          "gain": 0.0022055510442876604,
          "ss": 0.20437576305028055,
          "pass": 1
        },
        "n": 2
      }
    }
  }
}