{
  "scalar_grid": 0.4536733621309473,
  "vector_grid": 0.08582555402134844,
  "irregular_graph": 0.029493153403193577,
  "tree_hierarchy": 0.4412774794913026
}