{
  "s1s2": {
    "smooth_s42": {
      "0": {
        "delta_seam_mean": -22942949.705013067,
        "delta_seam_median": -7259407.7600894645,
        "ss_before_mean": 106167402.22023451,
        "ss_after_mean": 83224452.51522143,
        "gain_mean": 0.0027893790164890157,
        "n_worsened": 34,
        "n_improved": 47,
        "n_tiles": 81
      },
      "1": {
        "delta_seam_mean": 1.4494907003535515,
        "delta_seam_median": 0.7531844268188107,
        "ss_before_mean": 3.5408182902357836,
        "ss_after_mean": 4.9903089905893365,
        "gain_mean": 0.0021123354829818324,
        "n_worsened": 68,
        "n_improved": 8,
        "n_tiles": 81
      },
      "2": {
        "delta_seam_mean": -0.6595980239078475,
        "delta_seam_median": 0.10010702997352146,
        "ss_before_mean": 0.9621598919350169,
        "ss_after_mean": 0.30256186802716944,
        "gain_mean": 0.0016775481823700408,
        "n_worsened": 41,
        "n_improved": 5,
        "n_tiles": 81
      },
      "3": {
        "delta_seam_mean": 0.00771398613118138,
        "delta_seam_median": 0.01988148989426227,
        "ss_before_mean": 0.3196817409412853,
        "ss_after_mean": 0.32739572707246667,
        "gain_mean": 0.0013953724224893204,
        "n_worsened": 25,
        "n_improved": 8,
        "n_tiles": 81
      },
      "4": {
        "delta_seam_mean": -2.9878218037470563,
        "delta_seam_median": -0.9128645345774511,
        "ss_before_mean": 6.200657257413233,
        "ss_after_mean": 3.212835453666177,
        "gain_mean": 0.0011478022448239515,
        "n_worsened": 24,
        "n_improved": 50,
        "n_tiles": 81
      },
      "5": {
        "delta_seam_mean": 0.042265854073678825,
        "delta_seam_median": 0.017964618720765924,
        "ss_before_mean": 0.24939997305254666,
        "ss_after_mean": 0.29166582712622535,
        "gain_mean": 0.0008909080151889204,
        "n_worsened": 14,
        "n_improved": 4,
        "n_tiles": 81
      }
    },
    "smooth_s137": {
      "0": {
        "delta_seam_mean": -28141058.401820872,
        "delta_seam_median": 26208.72409069538,
        "ss_before_mean": 112306498.33843803,
        "ss_after_mean": 84165439.9366172,
        "gain_mean": 0.002780824514747774,
        "n_worsened": 41,
        "n_improved": 40,
        "n_tiles": 81
      },
      "1": {
        "delta_seam_mean": 1.307503996695252,
        "delta_seam_median": 0.6577024044326891,
        "ss_before_mean": 2.313495417740048,
        "ss_after_mean": 3.6209994144352997,
        "gain_mean": 0.0020930668181265676,
        "n_worsened": 68,
        "n_improved": 5,
        "n_tiles": 81
      },
      "2": {
        "delta_seam_mean": 0.20744552583131987,
        "delta_seam_median": 0.11446161049011178,
        "ss_before_mean": 0.07632112657316283,
        "ss_after_mean": 0.2837666524044826,
        "gain_mean": 0.001656798347221072,
        "n_worsened": 43,
        "n_improved": 3,
        "n_tiles": 81
      },
      "3": {
        "delta_seam_mean": 0.040283185004467405,
        "delta_seam_median": 0.03461836148969973,
        "ss_before_mean": 0.21384424869762492,
        "ss_after_mean": 0.2541274337020923,
        "gain_mean": 0.0013828845601377227,
        "n_worsened": 23,
        "n_improved": 6,
        "n_tiles": 81
      },
      "4": {
        "delta_seam_mean": -16.6573418224402,
        "delta_seam_median": -0.5380654139003322,
        "ss_before_mean": 20.394522239368698,
        "ss_after_mean": 3.7371804169284992,
        "gain_mean": 0.0011359716251053652,
        "n_worsened": 28,
        "n_improved": 46,
        "n_tiles": 81
      },
      "5": {
        "delta_seam_mean": 0.06480371217727907,
        "delta_seam_median": 0.027469004471388236,
        "ss_before_mean": 0.2640998469434871,
        "ss_after_mean": 0.3289035591207661,
        "gain_mean": 0.0008729752888449457,
        "n_worsened": 15,
        "n_improved": 3,
        "n_tiles": 81
      }
    },
    "medium_s42": {
      "0": {
        "delta_seam_mean": -48033960.19424089,
        "delta_seam_median": 7721682.17872335,
        "ss_before_mean": 621893715.6972405,
        "ss_after_mean": 573859755.5029998,
        "gain_mean": 0.05673578993145784,
        "n_worsened": 42,
        "n_improved": 39,
        "n_tiles": 81
      },
      "1": {
        "delta_seam_mean": 0.8643515295450624,
        "delta_seam_median": 0.5978938199093785,
        "ss_before_mean": 0.1991718501287785,
        "ss_after_mean": 1.063523379673841,
        "gain_mean": 0.05560843761360977,
        "n_worsened": 64,
        "n_improved": 3,
        "n_tiles": 81
      },
      "2": {
        "delta_seam_mean": 0.29079159559055606,
        "delta_seam_median": 0.1691455443316209,
        "ss_before_mean": 0.12153725143378886,
        "ss_after_mean": 0.41232884702434497,
        "gain_mean": 0.0531809948977997,
        "n_worsened": 57,
        "n_improved": 0,
        "n_tiles": 81
      },
      "3": {
        "delta_seam_mean": 0.1352039552985267,
        "delta_seam_median": 0.07991027430565462,
        "ss_before_mean": 0.16092517365211295,
        "ss_after_mean": 0.29612912895063964,
        "gain_mean": 0.05080582052048435,
        "n_worsened": 35,
        "n_improved": 3,
        "n_tiles": 81
      },
      "4": {
        "delta_seam_mean": -2.3989989911282894,
        "delta_seam_median": -0.17321534322614252,
        "ss_before_mean": 5.049896625212478,
        "ss_after_mean": 2.6508976340841888,
        "gain_mean": 0.046762477070623316,
        "n_worsened": 23,
        "n_improved": 46,
        "n_tiles": 81
      },
      "5": {
        "delta_seam_mean": -0.05675900814980058,
        "delta_seam_median": 0.012513120875248165,
        "ss_before_mean": 0.3951996506113987,
        "ss_after_mean": 0.33844064246159805,
        "gain_mean": 0.0407761427568589,
        "n_worsened": 11,
        "n_improved": 9,
        "n_tiles": 81
      }
    },
    "medium_s137": {
      "0": {
        "delta_seam_mean": -68151153.87103525,
        "delta_seam_median": -5374016.181606531,
        "ss_before_mean": 614747791.0449423,
        "ss_after_mean": 546596637.1739069,
        "gain_mean": 0.05619939332270342,
        "n_worsened": 40,
        "n_improved": 41,
        "n_tiles": 81
      },
      "1": {
        "delta_seam_mean": 1.1534641490400523,
        "delta_seam_median": 0.5690373824097888,
        "ss_before_mean": 0.22776135038247072,
        "ss_after_mean": 1.381225499422523,
        "gain_mean": 0.055176057466795894,
        "n_worsened": 64,
        "n_improved": 3,
        "n_tiles": 81
      },
      "2": {
        "delta_seam_mean": 0.28747824429870394,
        "delta_seam_median": 0.19831313571340375,
        "ss_before_mean": 0.17180502685833254,
        "ss_after_mean": 0.45928327115703643,
        "gain_mean": 0.05295311144216697,
        "n_worsened": 57,
        "n_improved": 2,
        "n_tiles": 81
      },
      "3": {
        "delta_seam_mean": 0.1067994921084021,
        "delta_seam_median": 0.0880254688168248,
        "ss_before_mean": 0.11790806000250752,
        "ss_after_mean": 0.22470755211090956,
        "gain_mean": 0.050671804095650405,
        "n_worsened": 35,
        "n_improved": 4,
        "n_tiles": 81
      },
      "4": {
        "delta_seam_mean": -0.8525596727765726,
        "delta_seam_median": -0.1889750829104907,
        "ss_before_mean": 3.5788042656490737,
        "ss_after_mean": 2.726244592872501,
        "gain_mean": 0.046711350125508914,
        "n_worsened": 26,
        "n_improved": 44,
        "n_tiles": 81
      },
      "5": {
        "delta_seam_mean": -0.014608016266867281,
        "delta_seam_median": 0.013179496432153432,
        "ss_before_mean": 0.40761390136656367,
        "ss_after_mean": 0.39300588509969636,
        "gain_mean": 0.0407162420417264,
        "n_worsened": 13,
        "n_improved": 9,
        "n_tiles": 81
      }
    },