{
  "s1s2": {
    "smooth_s42": {
      "0": {
        "dseam_med": -0.31619913256899157,
        "dseam_mean": 0.3769277126587448,
        "ss_bef": 0.09307326631872423,
        "ss_aft": 0.06486742226690012,
        "ss_p95_med": 0.019723316506303826,
        "gain": 0.0027893790164890157,
        "n_worse": 9,
        "n_better": 59,
        "n": 81
      },
      "1": {
        "dseam_med": 0.507705117796648,
        "dseam_mean": 0.5230520429455706,
        "ss_bef": 0.0,
        "ss_aft": 0.5505173142397805,
        "ss_p95_med": 0.04422587584901576,
        "gain": 0.0021123354829818324,
        "n_worse": 81,
        "n_better": 0,
        "n": 81
      },
      "2": {
        "dseam_med": 0.004487058041019787,
        "dseam_mean": -4.981696519624341,
        "ss_bef": 0.1875675119714921,
        "ss_aft": 0.13100738797842928,
        "ss_p95_med": 0.033558797471759924,
        "gain": 0.0016775481823700408,
        "n_worse": 38,
        "n_better": 38,
        "n": 81
      },
      "3": {
        "dseam_med": 0.011811297165481016,
        "dseam_mean": -0.16609416388579257,
        "ss_bef": 0.27375164313812783,
        "ss_aft": 0.24285105714302405,
        "ss_p95_med": 0.03577503280855173,
        "gain": 0.0013953724224893204,
        "n_worse": 36,
        "n_better": 38,
        "n": 81
      },
      "4": {
        "dseam_med": -68.05137242522044,
        "dseam_mean": -310044042.1534253,
        "ss_bef": 78.94334231339876,
        "ss_aft": 10.891969888178325,
        "ss_p95_med": 0.1406031137703341,
        "gain": 0.0011478022448239515,
        "n_worse": 0,
        "n_better": 81,
        "n": 81
      },
      "5": {
        "dseam_med": 0.009015615393626348,
        "dseam_mean": 0.010439573412493878,
        "ss_bef": 0.0057556860047240635,
        "ss_aft": 0.018689954933011052,
        "ss_p95_med": 0.03210464794419942,
        "gain": 0.0008909080151889204,
        "n_worse": 0,
        "n_better": 0,
        "n": 81
      },
      "6": {
        "dseam_med": 0.017592396851845535,
        "dseam_mean": -0.05538925434618822,
        "ss_bef": 0.07334240574462758,
        "ss_aft": 0.08347045646299087,
        "ss_p95_med": 0.021171828776816448,
        "gain": 0.000727333317077974,
        "n_worse": 19,
        "n_better": 20,
        "n": 81
      }
    },
    "smooth_s137": {
      "0": {
        "dseam_med": -0.24931947901380136,
        "dseam_mean": 0.20268420963380915,
        "ss_bef": 0.09139448291739787,
        "ss_aft": 0.05962298968180036,
        "ss_p95_med": 0.01997431912496806,
        "gain": 0.002780824514747774,
        "n_worse": 9,
        "n_better": 60,
        "n": 81
      },
      "1": {
        "dseam_med": 0.5111983273001321,
        "dseam_mean": 0.5432652113049997,
        "ss_bef": 0.0,
        "ss_aft": 0.5465908865042106,
        "ss_p95_med": 0.041679024713359956,
        "gain": 0.0020930668181265676,
        "n_worse": 81,
        "n_better": 0,
        "n": 81
      },
      "2": {
        "dseam_med": -0.010891166324382875,
        "dseam_mean": -2.8739345261969516,
        "ss_bef": 0.18478391934219648,
        "ss_aft": 0.14892494111092472,
        "ss_p95_med": 0.034608848706477784,
        "gain": 0.001656798347221072,
        "n_worse": 32,
        "n_better": 36,
        "n": 81
      },
      "3": {
        "dseam_med": -0.016382821798921504,
        "dseam_mean": -0.09869492439151978,
        "ss_bef": 0.2455340091590851,
        "ss_aft": 0.23138648957366545,
        "ss_p95_med": 0.03749444661602125,
        "gain": 0.0013828845601377227,
        "n_worse": 32,
        "n_better": 33,
        "n": 81
      },
      "4": {
        "dseam_med": -231.1141569643405,
        "dseam_mean": -360339491.0668406,
        "ss_bef": 240.3227032058408,
        "ss_aft": 10.72378236554306,
        "ss_p95_med": 0.13861466016144303,
        "gain": 0.0011359716251053652,
        "n_worse": 0,
        "n_better": 81,
        "n": 81
      },
      "5": {
        "dseam_med": 0.008767138996349639,
        "dseam_mean": 0.009954004572081596,
        "ss_bef": 0.004505969614597467,
        "ss_aft": 0.014715904985811866,
        "ss_p95_med": 0.029526069406698364,
        "gain": 0.0008729752888449457,
        "n_worse": 0,
        "n_better": 0,
        "n": 81
      },
      "6": {
        "dseam_med": 0.022210613914808663,
        "dseam_mean": -0.003506159279016623,
        "ss_bef": 0.0889116320613118,
        "ss_aft": 0.08404824350256075,
        "ss_p95_med": 0.017732284070915677,
        "gain": 0.0007043413667695215,
        "n_worse": 29,
        "n_better": 18,
        "n": 81
      }
    },
    "medium_s42": {
      "0": {
        "dseam_med": -0.46613149098079165,
        "dseam_mean": -0.4806798892990462,
        "ss_bef": 0.38603447430937343,
        "ss_aft": 0.2046362896675807,
        "ss_p95_med": 0.0,
        "gain": 0.05673578993145784,
        "n_worse": 0,
        "n_better": 81,
        "n": 81
      },
      "1": {
        "dseam_med": 0.2825207462370303,
        "dseam_mean": 0.2852777753687327,
        "ss_bef": 0.0,
        "ss_aft": 0.2825207462370303,
        "ss_p95_med": 0.15812132784333677,
        "gain": 0.05560843761360977,
        "n_worse": 81,
        "n_better": 0,
        "n": 81
      },
      "2": {
        "dseam_med": 0.14768545630774713,
        "dseam_mean": -495287.2056693186,
        "ss_bef": 0.0,
        "ss_aft": 0.15463893740739582,
        "ss_p95_med": 0.03428120391937764,
        "gain": 0.0531809948977997,
        "n_worse": 68,
        "n_better": 12,
        "n": 81
      },
      "3": {
        "dseam_med": 0.14890826336429966,
        "dseam_mean": 0.04409161457407478,
        "ss_bef": 0.0,
        "ss_aft": 0.17531767218877045,
        "ss_p95_med": 0.018679592155439722,
        "gain": 0.05080582052048435,
        "n_worse": 67,
        "n_better": 13,
        "n": 81
      },
      "4": {
        "dseam_med": -2366034308.4202795,
        "dseam_mean": -2057093521.789054,
        "ss_bef": 2366034330.8434415,
        "ss_aft": 20.37955322676602,
        "ss_p95_med": 0.5339402400936712,
        "gain": 0.046762477070623316,
        "n_worse": 0,
        "n_better": 81,
        "n": 81
      },
      "5": {
        "dseam_med": 0.00819878534220853,
        "dseam_mean": 0.010416886081516781,
        "ss_bef": 0.0,
        "ss_aft": 0.01015515385736452,
        "ss_p95_med": 0.039952809378179716,
        "gain": 0.0407761427568589,
        "n_worse": 0,
        "n_better": 0,
        "n": 81
      },
      "6": {
        "dseam_med": 0.06804048352514366,
        "dseam_mean": -47.62149980505256,
        "ss_bef": 0.0,
        "ss_aft": 0.08421169752184492,
        "ss_p95_med": 0.07649467686640245,
        "gain": 0.03570148578196095,
        "n_worse": 58,
        "n_better": 17,
        "n": 81
      }
    },
    "medium_s137": {
      "0": {
        "dseam_med": -0.46973488218082693,
        "dseam_mean": -0.4696444920419739,
        "ss_bef": 0.38240676894166703,
        "ss_aft": 0.2028381795900579,
        "ss_p95_med": 0.0,
        "gain": 0.05619939332270342,
        "n_worse": 0,
        "n_better": 81,
        "n": 81
      },
      "1": {
        "dseam_med": 0.2886283582300341,
        "dseam_mean": 0.28964057388922393,
        "ss_bef": 0.0,
        "ss_aft": 0.2886283582300341,
        "ss_p95_med": 0.15602335492344357,
        "gain": 0.055176057466795894,
        "n_worse": 81,
        "n_better": 0,
        "n": 81
      },
      "2": {
        "dseam_med": 0.14105141251905917,
        "dseam_mean": -451995.8074976135,
        "ss_bef": 0.0,
        "ss_aft": 0.14884947848850003,
        "ss_p95_med": 0.03449602581224368,
        "gain": 0.05295311144216697,
        "n_worse": 69,
        "n_better": 12,
        "n": 81
      },
      "3": {
        "dseam_med": 0.13461932977147975,
        "dseam_mean": 0.046333091837583065,
        "ss_bef": 0.0,
        "ss_aft": 0.16029670565372764,