{
  "grid_10x10": {
    "n_nodes": 100,
    "n_edges": 180,
    "density": 0.03636363636363636,
    "leiden": {
      "n_clusters": 8,
      "edge_cut_ratio": 0.20555555555555555,
      "modularity": 0.6596296296296296,
      "min_size": 8,
      "max_size": 18,
      "mean_size": 12.5,
      "size_ratio": 2.25,
      "disconnected": 0,
      "n_pass": 2,
      "n_damp": 0,
      "n_reject": 0,
      "reject_rate": 0.0,
      "budget": 2,
      "psnr_coarse": 9.142988817724694,
      "psnr_final": 11.875328496471969,
      "psnr_gain": 2.732339678747275,
      "tau_base": 0.078,
      "tau_effective": 0.1331543289325507,
      "adaptive_mult": 1.7071067811865475
    },
    "louvain_cc": {
      "n_clusters": 7,
      "edge_cut_ratio": 0.2111111111111111,
      "modularity": 0.6335493827160493,
      "min_size": 10,
      "max_size": 22,
      "mean_size": 14.285714285714286,
      "size_ratio": 2.2,
      "disconnected": 0,
      "n_pass": 2,
      "n_damp": 0,
      "n_reject": 0,
      "reject_rate": 0.0,
      "budget": 2,
      "psnr_coarse": 8.99464703007771,
      "psnr_final": 13.030898075294475,
      "psnr_gain": 4.0362510452167655,
      "tau_base": 0.078,
      "tau_effective": 0.13696245778943944,
      "adaptive_mult": 1.7559289460184544
    }
  },
  "grid_20x20": {
    "n_nodes": 400,
    "n_edges": 760,
    "density": 0.009523809523809525,
    "leiden": {
      "n_clusters": 12,
      "edge_cut_ratio": 0.1394736842105263,
      "modularity": 0.775088296398892,
      "min_size": 24,
      "max_size": 42,
      "mean_size": 33.333333333333336,
      "size_ratio": 1.75,
      "disconnected": 0,
      "n_pass": 3,
      "n_damp": 0,
      "n_reject": 0,
      "reject_rate": 0.0,
      "budget": 3,
      "psnr_coarse": 12.743221164763552,
      "psnr_final": 15.444463158616571,
      "psnr_gain": 2.701241993853019,
      "tau_base": 0.078,
      "tau_effective": 0.1230333209967908,
      "adaptive_mult": 1.5773502691896257
    },
    "louvain_cc": {
      "n_clusters": 13,
      "edge_cut_ratio": 0.15394736842105264,
      "modularity": 0.7646225761772854,
      "min_size": 19,
      "max_size": 43,
      "mean_size": 30.76923076923077,
      "size_ratio": 2.263157894736842,
      "disconnected": 0,
      "n_pass": 3,
      "n_damp": 0,
      "n_reject": 0,
      "reject_rate": 0.0,
      "budget": 3,
      "psnr_coarse": 12.820837993147695,
      "psnr_final": 15.272900968231532,
      "psnr_gain": 2.4520629750838374,
      "tau_base": 0.078,
      "tau_effective": 0.12126661530556787,
      "adaptive_mult": 1.5547001962252291
    }
  },
  "erdos_renyi_p015": {
    "n_nodes": 100,
    "n_edges": 730,
    "density": 0.14747474747474748,
    "leiden": {
      "n_clusters": 6,
      "edge_cut_ratio": 0.6246575342465753,
      "modularity": 0.2020144492400075,
      "min_size": 11,
      "max_size": 19,
      "mean_size": 16.666666666666668,
      "size_ratio": 1.7272727272727273,
      "disconnected": 0,
      "n_pass": 1,
      "n_damp": 0,
      "n_reject": 0,
      "reject_rate": 0.0,
      "budget": 1,
      "psnr_coarse": 9.303222320406858,
      "psnr_final": 10.39648682126369,
      "psnr_gain": 1.0932645008568311,
      "tau_base": 0.078,
      "tau_effective": 0.14168673331236264,
      "adaptive_mult": 1.8164965809277263
    },
    "louvain_cc": {
      "n_clusters": 8,
      "edge_cut_ratio": 0.689041095890411,
      "modularity": 0.1820557327828861,
      "min_size": 8,
      "max_size": 15,
      "mean_size": 12.5,
      "size_ratio": 1.875,
      "disconnected": 0,
      "n_pass": 2,
      "n_damp": 0,
      "n_reject": 0,
      "reject_rate": 0.0,
      "budget": 2,
      "psnr_coarse": 9.076798679076884,
      "psnr_final": 10.65974114370314,
      "psnr_gain": 1.5829424646262567,
      "tau_base": 0.078,
      "tau_effective": 0.1331543289325507,
      "adaptive_mult": 1.7071067811865475
    }
  },
  "planar_delaunay_80": {
    "n_nodes": 80,
    "n_edges": 227,
    "density": 0.07183544303797468,
    "leiden": {
      "n_clusters": 6,
      "edge_cut_ratio": 0.23788546255506607,
      "modularity": 0.5923266510120514,
      "min_size": 11,
      "max_size": 17,
      "mean_size": 13.333333333333334,
      "size_ratio": 1.5454545454545454,
      "disconnected": 0,
      "n_pass": 1,
      "n_damp": 0,
      "n_reject": 0,
      "reject_rate": 0.0,
      "budget": 1,
      "psnr_coarse": 9.328308031672721,
      "psnr_final": 10.133991236315918,
      "psnr_gain": 0.8056832046431968,
      "tau_base": 0.078,
      "tau_effective": 0.14168673331236264,
      "adaptive_mult": 1.8164965809277263
    },
    "louvain_cc": {
      "n_clusters": 6,
      "edge_cut_ratio": 0.23788546255506607,
      "modularity": 0.5885617807448232,
      "min_size": 10,
      "max_size": 17,
      "mean_size": 13.333333333333334,
      "size_ratio": 1.7,
      "disconnected": 0,
      "n_pass": 1,
      "n_damp": 0,
      "n_reject": 0,
      "reject_rate": 0.0,
      "budget": 1,
      "psnr_coarse": 9.18702800858485,
      "psnr_final": 10.24799644794297,
      "psnr_gain": 1.0609684393581205,
      "tau_base": 0.078,
      "tau_effective": 0.14168673331236264,
      "adaptive_mult": 1.8164965809277263
    }
  },
  "mobius_40x3": {
    "n_nodes": 120,
    "n_edges": 200,
    "density": 0.028011204481792718,
    "leiden": {
      "n_clusters": 8,
      "edge_cut_ratio": 0.12,
      "modularity": 0.7512500000000001,
      "min_size": 12,
      "max_size": 18,
      "mean_size": 15.0,
      "size_ratio": 1.5,
      "disconnected": 0,
      "n_pass": 2,
      "n_damp": 0,
      "n_reject": 0,
      "reject_rate": 0.0,
      "budget": 2,
      "psnr_coarse": 9.726127832656354,
      "psnr_final": 11.737794903196125,
      "psnr_gain": 2.0116670705397706,
      "tau_base": 0.078,
      "tau_effective": 0.1331543289325507,
      "adaptive_mult": 1.7071067811865475
    },
    "louvain_cc": {
      "n_clusters": 8,
      "edge_cut_ratio": 0.12,
      "modularity": 0.7512500000000001,
      "min_size": 12,
      "max_size": 18,
      "mean_size": 15.0,
      "size_ratio": 1.5,
      "disconnected": 0,
      "n_pass": 2,
      "n_damp": 0,
      "n_reject": 0,
      "reject_rate": 0.0,
      "budget": 2,
      "psnr_coarse": 9.363709684732394,
      "psnr_final": 10.987738150085992,
      "psnr_gain": 1.6240284653535983,
      "tau_base": 0.078,
      "tau_effective": 0.1331543289325507,
      "adaptive_mult": 1.7071067811865475
    }
  }
}