{
  "barbell_30": {
    "n_nodes": 65,
    "n_edges": 876,
    "density": 0.42115384615384616,
    "leiden": {
      "n_clusters": 3,
      "edge_cut_ratio": 0.00228310502283105,
      "modularity": 0.5033757897041345,
      "min_size": 5,
      "max_size": 30,
      "mean_size": 21.666666666666668,
      "size_ratio": 6.0,
      "disconnected": 0,
      "n_pass": 1,
      "n_damp": 0,
      "n_reject": 0,
      "reject_rate": 0.0,
      "budget": 1,
      "psnr_coarse": 9.348503673160522,
      "psnr_final": 12.371344606009352,
      "psnr_gain": 3.0228409328488297,
      "tau_base": 0.078,
      "tau_effective": 0.16806664199358162,
      "adaptive_mult": 2.1547005383792515
    },
    "louvain_cc": {
      "n_clusters": 3,
      "edge_cut_ratio": 0.00228310502283105,
      "modularity": 0.5033757897041345,
      "min_size": 5,
      "max_size": 30,
      "mean_size": 21.666666666666668,
      "size_ratio": 6.0,
      "disconnected": 0,
      "n_pass": 1,
      "n_damp": 0,
      "n_reject": 0,
      "reject_rate": 0.0,
      "budget": 1,
      "psnr_coarse": 9.348503673160522,
      "psnr_final": 12.371344606009352,
      "psnr_gain": 3.0228409328488297,
      "tau_base": 0.078,
      "tau_effective": 0.16806664199358162,
      "adaptive_mult": 2.1547005383792515
    }
  },
  "hub_spoke_60": {
    "n_nodes": 61,
    "n_edges": 60,
    "density": 0.03278688524590164,
    "leiden": {
      "n_clusters": 1,
      "edge_cut_ratio": 0.0,
      "modularity": 0.0,
      "min_size": 61,
      "max_size": 61,
      "mean_size": 61.0,
      "size_ratio": 1.0,
      "disconnected": 0,
      "n_pass": 1,
      "n_damp": 0,
      "n_reject": 0,
      "reject_rate": 0.0,
      "budget": 1,
      "psnr_coarse": 8.854065355971585,
      "psnr_final": 120.0,
      "psnr_gain": 111.14593464402842,
      "tau_base": 0.078,
      "tau_effective": 0.23399999999999999,
      "adaptive_mult": 3.0
    },
    "louvain_cc": {
      "n_clusters": 1,
      "edge_cut_ratio": 0.0,
      "modularity": 0.0,
      "min_size": 61,
      "max_size": 61,
      "mean_size": 61.0,
      "size_ratio": 1.0,
      "disconnected": 0,
      "n_pass": 1,
      "n_damp": 0,
      "n_reject": 0,
      "reject_rate": 0.0,
      "budget": 1,
      "psnr_coarse": 8.854065355971585,
      "psnr_final": 120.0,
      "psnr_gain": 111.14593464402842,
      "tau_base": 0.078,
      "tau_effective": 0.23399999999999999,
      "adaptive_mult": 3.0
    }
  },
  "ring_cliques_8x12": {
    "n_nodes": 96,
    "n_edges": 536,
    "density": 0.11754385964912281,
    "leiden": {
      "n_clusters": 8,
      "edge_cut_ratio": 0.014925373134328358,
      "modularity": 0.8600746268656716,
      "min_size": 12,
      "max_size": 12,
      "mean_size": 12.0,
      "size_ratio": 1.0,
      "disconnected": 0,
      "n_pass": 2,
      "n_damp": 0,
      "n_reject": 0,
      "reject_rate": 0.0,
      "budget": 2,
      "psnr_coarse": 10.728028459407088,
      "psnr_final": 13.061202572520063,
      "psnr_gain": 2.3331741131129746,
      "tau_base": 0.078,
      "tau_effective": 0.1331543289325507,
      "adaptive_mult": 1.7071067811865475
    },
    "louvain_cc": {
      "n_clusters": 8,
      "edge_cut_ratio": 0.014925373134328358,
      "modularity": 0.8600746268656716,
      "min_size": 12,
      "max_size": 12,
      "mean_size": 12.0,
      "size_ratio": 1.0,
      "disconnected": 0,
      "n_pass": 2,
      "n_damp": 0,
      "n_reject": 0,
      "reject_rate": 0.0,
      "budget": 2,
      "psnr_coarse": 10.728028459407088,
      "psnr_final": 13.061202572520063,
      "psnr_gain": 2.3331741131129746,
      "tau_base": 0.078,
      "tau_effective": 0.1331543289325507,
      "adaptive_mult": 1.7071067811865475
    }
  },
  "bipartite_40x40": {
    "n_nodes": 80,
    "n_edges": 249,
    "density": 0.07879746835443038,
    "leiden": {
      "n_clusters": 7,
      "edge_cut_ratio": 0.4939759036144578,
      "modularity": 0.33993806551507233,
      "min_size": 6,
      "max_size": 16,
      "mean_size": 11.428571428571429,
      "size_ratio": 2.6666666666666665,
      "disconnected": 0,
      "n_pass": 2,
      "n_damp": 0,
      "n_reject": 0,
      "reject_rate": 0.0,
      "budget": 2,
      "psnr_coarse": 9.162115412215137,
      "psnr_final": 11.127774577646504,
      "psnr_gain": 1.9656591654313669,
      "tau_base": 0.078,
      "tau_effective": 0.13696245778943944,
      "adaptive_mult": 1.7559289460184544
    },
    "louvain_cc": {
      "n_clusters": 6,
      "edge_cut_ratio": 0.4779116465863454,
      "modularity": 0.33243012209480494,
      "min_size": 7,
      "max_size": 19,
      "mean_size": 13.333333333333334,
      "size_ratio": 2.7142857142857144,
      "disconnected": 0,
      "n_pass": 1,
      "n_damp": 0,
      "n_reject": 0,
      "reject_rate": 0.0,
      "budget": 1,
      "psnr_coarse": 9.353483089118928,
      "psnr_final": 11.372803806614565,
      "psnr_gain": 2.0193207174956367,
      "tau_base": 0.078,
      "tau_effective": 0.14168673331236264,
      "adaptive_mult": 1.8164965809277263
    }
  },
  "erdos_renyi_100": {
    "n_nodes": 100,
    "n_edges": 269,
    "density": 0.054343434343434346,
    "leiden": {
      "n_clusters": 8,
      "edge_cut_ratio": 0.45724907063197023,
      "modularity": 0.4022954353864651,
      "min_size": 7,
      "max_size": 18,
      "mean_size": 12.5,
      "size_ratio": 2.5714285714285716,
      "disconnected": 0,
      "n_pass": 2,
      "n_damp": 0,
      "n_reject": 0,
      "reject_rate": 0.0,
      "budget": 2,
      "psnr_coarse": 9.253407356238782,
      "psnr_final": 10.977374500786347,
      "psnr_gain": 1.723967144547565,
      "tau_base": 0.078,
      "tau_effective": 0.1331543289325507,
      "adaptive_mult": 1.7071067811865475
    },
    "louvain_cc": {
      "n_clusters": 8,
      "edge_cut_ratio": 0.4758364312267658,
      "modularity": 0.3885103854286148,
      "min_size": 5,
      "max_size": 18,
      "mean_size": 12.5,
      "size_ratio": 3.6,
      "disconnected": 0,
      "n_pass": 2,
      "n_damp": 0,
      "n_reject": 0,
      "reject_rate": 0.0,
      "budget": 2,
      "psnr_coarse": 9.374453725646067,
      "psnr_final": 11.054543075216273,
      "psnr_gain": 1.6800893495702063,
      "tau_base": 0.078,
      "tau_effective": 0.1331543289325507,
      "adaptive_mult": 1.7071067811865475
    }
  }
}