{
  "T1_scalar_grid_64x64": {
    "ss_hard": [
      1.4842188301403771,
      1.527545374656606,
      1.3067297895130745,
      1.5641848169716548,
      1.4355352375013106,
      1.207429471368321,
      1.5154498327220662,
      1.4096986063683687,
      1.4128228727772807,
      1.3286826463923096,
      1.6033168588299784,
      1.5987260089650164,
      1.4676184972199475,
      1.3984607318963458,
      1.3095678242366338,
      1.6177303999645787,
      1.3666743540647293,
      1.321763616279554,
      1.3948499038153153,
      1.4198317954750779
    ],
    "ss_halo": [
      0.689015734879771,
      0.7754171850204051,
      0.6498423380895381,
      0.7272766013117037,
      0.7013629120241854,
      0.6743233451125821,
      0.6318849839044971,
      0.6988162646016214,
      0.7239546457145456,
      0.6311742066341051,
      0.7341492882049622,
      0.7883702439702731,
      0.767593740045318,
      0.7504223678842834,
      0.7246945274841583,
      0.6523097985238031,
      0.7637600746350954,
      0.6533686624538144,
      0.6879869117694412,
      0.7273228243606518
    ],
    "ratios": [
      2.154114564863969,
      1.9699658506013273,
      2.0108412652115373,
      2.150742666456536,
      2.04677950984544,
      1.7905793710696398,
      2.398300119616833,
      2.017266451247064,
      1.9515350594755372,
      2.105096552134685,
      2.1839112076670273,
      2.0278873042074257,
      1.9119729883963141,
      1.8635648290345668,
      1.807061836940054,
      2.480003218374998,
      1.7894027185680663,
      2.022998181628718,
      2.027436684842073,
      1.952134248678306
    ],
    "median_ratio": 2.0201323164378913,
    "mean_ratio": 2.0330797314430056,
    "min_ratio": 1.7894027185680663,
    "wilcoxon_stat": 210.0,
    "p_value_raw": 9.5367431640625e-07,
    "p_value_adjusted": 3.814697265625e-06
  },
  "T2_vector_grid_64x64_d32": {
    "ss_hard": [
      1.5814748488908978,
      1.7108224074753346,
      1.516059960847005,
      1.4358559222617828,
      1.5623532555237647,
      1.6301800302866853,
      1.5581611500642665,
      1.6973455307098975,
      1.628475011564431,
      1.5853644855955453,
      1.6866678972397533,
      1.5266906829865852,
      1.5407338782408118,
      1.6655442117426889,
      1.485990722857562,
      1.5902626395250217,
      1.6091765515795997,
      1.4189123541186455,
      1.578233685365048,
      1.6216259462777385
    ],
    "ss_halo": [
      0.9604157681769442,
      1.0504866136807955,
      1.043611880255045,
      0.8875753427401807,
      0.9530600882511885,
      1.0001290733800856,
      0.9764126346153664,
      1.0607171768042818,
      1.0675921673152169,
      0.894415839025904,
      0.9922858238439977,
      1.038941443739604,
      0.9929997238606555,
      1.060533818655306,
      1.0017938092188856,
      1.0212970464173774,
      1.0815256128425985,
      0.9063722586594852,
      1.0014455146749075,
      1.0426293307336763
    ],
    "ratios": [
      1.6466564805867139,
      1.6285999126804018,
      1.4527047740499366,
      1.6177284935238756,
      1.6393019439379364,
      1.6299696444322445,
      1.5958019127010634,
      1.6001867110926067,
      1.5253718238746417,
      1.7725138758107106,
      1.6997803017439308,
      1.4694674969788593,
      1.5515954748662735,
      1.570477227871387,
      1.4833299118387238,
      1.557100987364858,
      1.487876507336129,
      1.565485197065335,
      1.575955618234292,
      1.555323544352145
    ],
    "median_ratio": 1.5732164230528394,
    "mean_ratio": 1.5812613920171033,
    "min_ratio": 1.4527047740499366,
    "wilcoxon_stat": 210.0,
    "p_value_raw": 9.5367431640625e-07,
    "p_value_adjusted": 3.814697265625e-06
  },
  "T3_irregular_graph_500_k8": {
    "ss_hard": [
      2.0977940442949228,
      2.402045306798477,
      2.5951063932313763,
      1.9071782571783993,
      2.409692999629687,
      1.4618312273843581,
      3.0744266807572274,
      2.4474392606584052,
      3.105341947597337,
      1.8113354259107866,
      2.254240837660804,
      1.0196686697638058,
      3.1019946246083157,
      2.4120118111563658,
      1.5712230260671523,
      2.6287573844805574,
      2.3320558447261317,
      1.9137512094863447,
      1.6420953924913884,
      1.825290030982662
    ],
    "ss_halo": [
      1.0253861417062597,
      1.2908045497424958,
      1.5520652883591555,
      1.9733758174283555,
      1.0074097669043176,
      1.2142554398961927,
      1.3507729625486429,
      0.8540043434169496,
      0.8416891442032527,
      1.1506831758750535,
      1.094741985142518,
      1.2146633320066427,
      1.1701555874864535,
      1.3230793186532452,
      1.0205858242099737,
      0.9639065494408469,
      1.3479249449343955,
      1.6003786783719527,
      0.9227543722871727,
      1.0074794077230858
    ],
    "ratios": [
      2.0458576128204466,
      1.8608900217244935,
      1.6720342968353614,
      0.9664546612145737,
      2.391969066167848,
      1.2038910259186828,
      2.276049910511078,
      2.8658393592934113,
      3.689416655323419,
      1.5741391407551575,
      2.0591526296138376,
      0.839466083161785,
      2.650924934697313,
      1.8230288819186107,
      1.5395305212371226,
      2.727191122140166,
      1.7301080845169934,
      1.1958114883869868,
      1.77955850617459,
      1.8117392939342185
    ],
    "median_ratio": 1.8173840879264147,
    "mean_ratio": 1.9351526648173045,
    "min_ratio": 0.839466083161785,
    "wilcoxon_stat": 207.0,
    "p_value_raw": 4.76837158203125e-06,
    "p_value_adjusted": 9.5367431640625e-06
  },
  "T4_tree_depth8_255nodes": {
    "ss_hard": [
      0.4016383509698,
      0.3145720312672459,
      0.3488341063947769,
      0.67463944689945,
      0.3517729685218751,
      0.3620381592186406,
      0.36482905087700684,
      0.333243781534873,
      0.36476803234620636,
      0.4180882444454291,
      0.5312958584693617,
      0.3198071948064808,
      0.3605447894993661,
      0.48885327794427125,
      0.23971784955328926,
      0.4010207852577655,
      0.4309873305883375,
      0.5824296318744219,
      0.2801406027393612,
      0.35122393753681064
    ],
    "ss_halo": [
      0.7397677284001722,
      0.7353162764219869,
      0.253743584230141,
      0.46216428229669293,
      0.3517729685218751,
      0.6414622579106461,
      0.666845275206047,
      0.9026608477679356,
      0.8495567626306031,
      0.24340972587744947,
      0.41361193080630443,
      0.6977927750321916,
      0.7576561841101289,
      0.9980174301468842,
      0.6364035186012299,
      0.9695831798505872,
      0.25013971357741777,
      0.3268910259464674,
      0.22414858425244008,
      0.15140144888665152
    ],
    "ratios": [
      0.5429249418382901,
      0.42780507015995556,
      1.3747504486297295,
      1.4597394748917045,
      0.9999999997157257,
      0.5643951061772865,
      0.5470970019388223,
      0.36917939037899694,
      0.4293627552016502,
      1.717631630233882,
      1.2845274006124263,
      0.4583125624163932,
      0.47586860242583634,
      0.48982438896216607,
      0.37667587074707665,
      0.413601219111704,
      1.7229864232760028,
      1.781724138831605,
      1.2497986705946893,
      2.3198188649289393
    ],
    "median_ratio": 0.5557460540580543,
    "mean_ratio": 0.9503011980536442,
    "min_ratio": 0.36917939037899694,
    "wilcoxon_stat": 36.0,
    "p_value_raw": 0.9912086023271266,
    "p_value_adjusted": 0.9912086023271266
  },
  "_meta": {
    "n_seeds": 20,
    "halo_width": 3,
    "budget": 0.3,
    "alpha": 0.05,
    "correction": "Holm-Bonferroni",
    "kill_criterion": "median_ratio >= 1.5 on all 4 spaces",
    "verdict": "FAIL"
  }
}