{
  "D_parent_baseline": {
    "global_auc": 0.6850855359504913,
    "cohens_d": 0.2329057326288259,
    "pos_mean": 0.3852985419414127,
    "neg_mean": 0.8410134060026518,
    "pos_std": 1.2760919296655249,
    "neg_std": 2.3394079364025266,
    "pos_median": 0.18878622535288075,
    "neg_median": 0.4442094511265724,
    "by_neg_type": {
      "coarse_shift": {
        "auc": 0.5751517620937263,
        "cohens_d": 0.06314046701099478,
        "mean": 0.4691559631788761,
        "std": 1.4696131345170038
      },
      "lf_drift": {
        "auc": 0.8145756566515495,
        "cohens_d": 0.5321293930956887,
        "mean": 1.668302919992015,
        "std": 4.281741942868809
      },
      "random_lf": {
        "auc": 0.4141067885487529,
        "cohens_d": 0.14100796141655386,
        "mean": 0.22661646652239212,
        "std": 0.415694376638252
      },
      "semant_wrong": {
        "auc": 0.9365079365079365,
        "cohens_d": 0.5557928087824126,
        "mean": 0.999978274317324,
        "std": 5.981858937383087e-06
      }
    },
    "by_level": {
      "1": {
        "auc": 0.669921875,
        "cohens_d": 0.4304725033540218
      },
      "2": {
        "auc": 0.7374471028645834,
        "cohens_d": 0.7333112697737787
      },
      "3": {
        "auc": 0.6766255696614584,
        "cohens_d": 0.21228456833068846
      }
    }
  },
  "D_parent_log": {
    "global_auc": 0.6850855359504913,
    "cohens_d": 0.5866639583189655,
    "pos_mean": 0.23692683606305906,
    "neg_mean": 0.4636150989888312,
    "pos_std": 0.31573707249302013,
    "neg_std": 0.4316214681671935,
    "pos_median": 0.1729327321014863,
    "neg_median": 0.36756150341068883,
    "by_neg_type": {
      "coarse_shift": {
        "auc": 0.5751517620937263,
        "cohens_d": 0.14005601735976328,
        "mean": 0.2819375173483308,
        "std": 0.33681800445859883
      },
      "lf_drift": {
        "auc": 0.8145756566515495,
        "cohens_d": 1.1738423221875895,
        "mean": 0.7088315752030174,
        "std": 0.5885910569225002
      },
      "random_lf": {
        "auc": 0.4141067885487529,
        "cohens_d": 0.22336039790991008,
        "mean": 0.17055498574884323,
        "std": 0.2315177812560147
      },
      "semant_wrong": {
        "auc": 0.9365079365079365,
        "cohens_d": 1.6671885583336152,
        "mean": 0.6931363176551333,
        "std": 2.9909557037977494e-06
      }
    },
    "by_level": {
      "1": {
        "auc": 0.669921875,
        "cohens_d": 0.4975599525878431
      },
      "2": {
        "auc": 0.7374471028645835,
        "cohens_d": 0.8668654359180652
      },
      "3": {
        "auc": 0.6766255696614583,
        "cohens_d": 0.5498142870166537
      }
    }
  },
  "D_parent_relative": {
    "global_auc": 0.7064938822751323,
    "cohens_d": 0.7252842875557602,
    "pos_mean": 0.3703242759782961,
    "neg_mean": 0.9430448716404055,
    "pos_std": 0.2909969184149305,
    "neg_std": 1.0132964133489015,
    "pos_median": 0.3473194064691949,
    "neg_median": 0.690387426504113,
    "by_neg_type": {
      "coarse_shift": {
        "auc": 0.5760493433484505,
        "cohens_d": 0.22526709362330205,
        "mean": 0.43560844525370984,
        "std": 0.2853362563955416
      },
      "lf_drift": {
        "auc": 0.8138640873015874,
        "cohens_d": 1.2877625984438623,
        "mean": 0.743973730455132,
        "std": 0.28673786306944365
      },
      "random_lf": {
        "auc": 0.4360620984504914,
        "cohens_d": 0.2723459432758302,
        "mean": 0.5925975034463937,
        "std": 1.5512430382439162
      },
      "semant_wrong": {
        "auc": 1.0,
        "cohens_d": 6.461877889279042,
        "mean": 1.9999998074063865,
        "std": 4.867438000076154e-07
      }
    },
    "by_level": {
      "1": {
        "auc": 0.7106119791666666,
        "cohens_d": 0.8353957761128432
      },
      "2": {
        "auc": 0.7743937174479165,
        "cohens_d": 0.6727684338486274
      },
      "3": {
        "auc": 0.6947771708170574,
        "cohens_d": 0.824875245663275
      }
    }
  },
  "D_parent_survival": {
    "global_auc": 0.7588872354497355,
    "cohens_d": 0.9800900562521442,
    "pos_mean": 0.3073906822643119,
    "neg_mean": 0.4037211317157658,
    "pos_std": 0.0886555410300233,
    "neg_std": 0.10486407630371876,
    "pos_median": 0.32302716848895524,
    "neg_median": 0.477826650633672,
    "by_neg_type": {
      "coarse_shift": {
        "auc": 0.4001116071428572,
        "cohens_d": 0.3270834056750839,
        "mean": 0.27826983980956954,
        "std": 0.08988930759898751
      },
      "lf_drift": {
        "auc": 0.6447910761526834,
        "cohens_d": 0.5958519071290072,
        "mean": 0.35560726310350105,
        "std": 0.05073519019309112
      },
      "random_lf": {
        "auc": 0.9906462585034014,
        "cohens_d": 2.2578783404813096,
        "mean": 0.4810074239511962,
        "std": 0.005999034292337965
      },
      "semant_wrong": {
        "auc": 1.0,
        "cohens_d": 2.5067868063041936,
        "mean": 0.4999999999987963,
        "std": 3.042154707039771e-12
      }
    },
    "by_level": {
      "1": {
        "auc": 0.7464192708333333,
        "cohens_d": 0.8028440560329207
      },
      "2": {
        "auc": 0.7652384440104167,
        "cohens_d": 0.7602482654768339
      },
      "3": {
        "auc": 0.7565294901529949,
        "cohens_d": 1.1052384212945878
      }
    }
  },
  "D_parent_lf_frac": {
    "global_auc": 0.7513183224678761,
    "cohens_d": 1.0859209130805978,
    "pos_mean": 0.4859462837988216,
    "neg_mean": 0.7390950121423453,
    "pos_std": 0.1722468509688573,
    "neg_std": 0.269759456723181,
    "pos_median": 0.49933581455808174,
    "neg_median": 0.9074879898279705,
    "by_neg_type": {
      "coarse_shift": {
        "auc": 0.39211309523809523,
        "cohens_d": 0.34224013156530136,
        "mean": 0.426358465294815,
        "std": 0.17908482575898155
      },
      "lf_drift": {
        "auc": 0.6135381235827665,
        "cohens_d": 0.534783360082357,
        "mean": 0.5735597965886566,
        "std": 0.13488613250093845
      },
      "random_lf": {
        "auc": 0.9996220710506425,
        "cohens_d": 3.1467638583646846,
        "mean": 0.956461786688317,
        "std": 0.017006813968756876
      },
      "semant_wrong": {
        "auc": 1.0,
        "cohens_d": 3.443524713011171,
        "mean": 0.9999999999975926,
        "std": 6.0843080750530644e-12
      }
    },
    "by_level": {
      "1": {
        "auc": 0.7503255208333334,
        "cohens_d": 0.8871063516420673
      },
      "2": {
        "auc": 0.7921956380208334,
        "cohens_d": 0.9771570429757233
      },
      "3": {
        "auc": 0.7394981384277344,
        "cohens_d": 1.1963528329392463
      }
    }
  },
  "D_parent_combined": {
    "global_auc": 0.7005038560563114,
    "cohens_d": 0.7667584623729955,
    "pos_mean": 0.16711765235561601,
    "neg_mean": 0.33450637238200287,
    "pos_std": 0.16312574909802127,
    "neg_std": 0.2517398643942021,
    "pos_median": 0.14199938457952804,
    "neg_median": 0.2895021695014558,
    "by_neg_type": {
      "coarse_shift": {
        "auc": 0.5728192318594104,
        "cohens_d": 0.17490926367274898,
        "mean": 0.19587889505001735,
        "std": 0.16782367526867564
      },
      "lf_drift": {
        "auc": 0.8241744614512473,
        "cohens_d": 1.40041516472615,
        "mean": 0.44805467594720044,
        "std": 0.28444262692598005
      },
      "random_lf": {
        "auc": 0.4337915721844293,
        "cohens_d": 0.13456249014144456,
        "mean": 0.14478577419886363,
        "std": 0.17371183376193344
      },
      "semant_wrong": {
        "auc": 0.9712301587301587,
        "cohens_d": 2.7033425413173893,
        "mean": 0.54930614433193,
        "std": 5.370254711287062e-12
      }
    },
    "by_level": {
      "1": {
        "auc": 0.6923828125,
        "cohens_d": 0.5950808478090709
      },